AddressLabel	RefireAllDay	RefireBar	RefireChildren	RefireDessert
1303 - DC Ranch	PREMIUM	PREMIUM 4PM	PREMIUM, PLUS	PREMIUM
1507 - Woodland Hills	PLUS	PLUS 4PM	PLUS	PLUS
2003 - Sarasota Siesta	PLUS	PLUS 3PM	PLUS	PLUS
2005 - Coral Gables	PLUS	PLUS 3PM	PLUS	PLUS
2008 - Brickell	PLUS	PLUS 4PM	PLUS	PLUS
2009 - Ft Lauderdale FL	PLUS	PLUS 4PM	PLUS	PLUS
2101 - Atlanta	PLUS GA	PLUS 4PM GA	PLUS	PLUS
2102 - Midtown Atlanta	PLUS GA MIDTOWN	PLUS 3PM GA MIDTOWN	PLUS	PLUS
2901 - Baton Rouge	PLUS AL-LA	PLUS 4PM AL-LA	PLUS AL-LA	PLUS
3302 - Birmingham MI	PLUS	PLUS 4PM	PLUS	PLUS
4402 - Raleigh	PREMIUM	PREMIUM 4PM	PLUS	PREMIUM
5301 - Nashville	PLUS	PLUS 4PM	PLUS	PLUS
5407 - Houston Town & Country	PLUS	PLUS 4PM	PLUS	PLUS
5701 - Tysons Corner	PREMIUM	PREMIUM 4PM	PREMIUM, PLUS	PREMIUM
